"","strain","doxtime","meandoxage","sem"
"1","yTY159b",169,20.7175925925926,0.467592592592593
"2","yTY160a",169,20.6564516129032,0.0435483870967737
